/V0/MINUS X,/V0/MINUS Y
0,6.083973973141617e-08
6.599999999999999e-11,6.084234953569499e-08
1.98e-10,6.0842683481114e-08
4.62e-10,6.084278773606364e-08
7.310000000000001e-10,6.084269983839304e-08
1e-09,6.084276049732883e-08
1.02e-09,6.084273450984399e-08
1.06e-09,6.084272998282508e-08
1.14e-09,6.084273615851251e-08
1.299999999999999e-09,6.084275881557056e-08
1.619999999999998e-09,6.084273042823818e-08
1.81875e-09,6.084272979675946e-08
1.830078125e-09,-2.99241380334475e-05
1.845362701504649e-09,-3.48362869960591e-05
1.852651960132239e-09,-1.981816675691562e-05
1.860042432746073e-09,6.236520570120514e-06
1.869067115405051e-09,5.797572809219848e-05
1.876174924077068e-09,0.0001133682443651082
1.88490431473727e-09,0.0001981432167353413
1.891385877131331e-09,0.0002626012960836051
1.893480067016246e-09,0.0002804345478631253
1.897668446786076e-09,0.0003004299709776469
1.901554368222899e-09,0.0002985684029731014
1.905910743380595e-09,0.0002865514288649334
1.911965400942388e-09,0.0002672503678237752
1.916635492725122e-09,0.0002527844329074112
1.922820947787775e-09,0.0002386312495194767
1.929763711832529e-09,0.0002263662566894671
1.939010174255297e-09,0.0002130197861142712
1.952029094817325e-09,0.0001993773406980031
1.967758112551079e-09,0.0001853380532074697
1.983879056275539e-09,0.0001762380221678177
2e-09,0.0001693682853446011
2.02e-09,0.0001679657527554772
2.025749313587285e-09,0.0001774187469563395
2.034294013268438e-09,0.0001792981812455082
2.042445618176895e-09,0.0001765153690645512
2.054548323127873e-09,0.0001752447161691419
2.067549211556499e-09,0.0001709630991416572
2.086569263023654e-09,0.000164516148391327
2.106360842880909e-09,0.0001558708706620185
2.127517831840689e-09,0.0001467632047847556
2.148584288349837e-09,0.0001329807794123015
2.16403174929572e-09,0.0001202921540848919
2.171755479768661e-09,0.0001140742394287893
2.186088149569759e-09,0.0001050996469845732
2.209098945723333e-09,9.361920159601008e-05
2.241528044100286e-09,8.224860642851151e-05
2.292214029559714e-09,6.91495932397642e-05
2.358095094520796e-09,5.660338209031307e-05
2.458812642455363e-09,4.20896014491525e-05
2.589137299182859e-09,2.929242361584347e-05
2.755857514452177e-09,1.856122869065799e-05
2.877928757226089e-09,1.361030859157994e-05
3e-09,9.940065676802582e-06
3.02e-09,9.518670142997776e-06
3.06e-09,8.684577622151275e-06
3.14e-09,7.173309840014132e-06
3.299999999999999e-09,4.945326318969096e-06
3.619999999999998e-09,2.449240396588756e-06
3.818750000000001e-09,1.829820713876263e-06
3.830078125000001e-09,-5.800773418790223e-05
3.848669505656032e-09,-5.67200400036189e-05
3.855602380147556e-09,-1.979105836607093e-05
3.863271108955866e-09,2.572136945076385e-05
3.872016098385275e-09,7.316806299944942e-05
3.879691952939711e-09,0.0001203343814644982
3.882234524730732e-09,0.0001393564515554192
3.887319668312772e-09,0.0001723167628672107
3.8889967000406e-09,0.0001765307561560218
3.892350763496255e-09,0.000172131052132941
3.895776459635335e-09,0.0001590010828799946
3.900405309466256e-09,0.000148523709507988
3.905131123917952e-09,0.0001429853494926513
3.909869263770778e-09,0.0001372199011130247
3.915843909074293e-09,0.0001334481580308676
3.923755155116059e-09,0.0001284044852014595
3.934011311072928e-09,0.000128824486343127
3.944430897404526e-09,0.0001368329156335971
3.952967371055641e-09,0.0001464009871947321
3.963469986634851e-09,0.0001551788212165408
3.972105166486917e-09,0.0001588873945926233
3.980690751972852e-09,0.000156866346172732
3.98731390580071e-09,0.0001497626780230365
3.993656952900355e-09,0.0001397607880539848
4e-09,0.0001288432254302676
4.004556360744531e-09,0.000121401051468196
4.012532958569335e-09,0.0001092685542592839
4.016266479284668e-09,0.0001042731132617056
4.020000000000001e-09,0.0001099025130298588
4.023077662618643e-09,0.0001157229052874348
4.027331703884301e-09,0.0001152071066053298
4.031226444014729e-09,0.0001103904820469868
4.039015924275584e-09,0.0001043038966954945
4.047173794248659e-09,9.817020935198886e-05
4.058260584871998e-09,9.123565121493854e-05
4.069802326607454e-09,8.313737114246808e-05
4.081521960063452e-09,7.473584076509521e-05
4.09626910299224e-09,6.511921246419803e-05
4.107971496529361e-09,5.941701807702667e-05
4.127284414755101e-09,5.181308454869639e-05
4.160232221952165e-09,4.339845949843587e-05
4.214558527997544e-09,3.514021332688735e-05
4.284368753778591e-09,2.946930207302031e-05
4.37331357322807e-09,2.467516834097078e-05
4.487864471930839e-09,2.046868123004405e-05
4.651326743500047e-09,1.564987394951266e-05
4.825663371750023e-09,1.197562822392545e-05
5e-09,9.027300962371512e-06
5.02e-09,8.815885917036695e-06
5.060000000000001e-09,8.31721239437122e-06
5.140000000000003e-09,7.381869327973109e-06
5.300000000000005e-09,5.859797830098772e-06
5.620000000000011e-09,3.828025741149698e-06
5.81875e-09,3.164687414043287e-06
5.830078125e-09,2.839986418937431e-06
5.848657525269727e-09,4.916103337403748e-06
5.857995406561982e-09,1.826318223342299e-05
5.86796284358105e-09,2.975522784621612e-05
5.878366698311863e-09,3.422837525486619e-05
5.889593443350879e-09,4.324195628057755e-05
5.893632199164908e-09,4.65526128237097e-05
5.901709710792967e-09,4.850432636547638e-05
5.903423541103854e-09,4.832996152764762e-05
5.906851201725627e-09,4.500650159194805e-05
5.911950648516984e-09,4.664693227596563e-05
5.91811760666985e-09,4.889496635102646e-05
5.924539134992755e-09,5.115167356292877e-05
5.933114832674727e-09,5.30189600097522e-05
5.942786800022552e-09,5.146199966470092e-05
5.956820359720963e-09,5.240877213224694e-05
5.974766825788126e-09,0.0001269973842445451
5.977920972564611e-09,0.0001644001132278814
5.984229266117579e-09,0.0002740895496913717
5.992477359964573e-09,0.000477772515087232
6.000000000000001e-09,0.0007164926602105795
6.003586539108967e-09,0.000839640125897541
6.0107596173269e-09,0.001078592109955696
6.01537980866345e-09,0.001190568311540333
6.020000000000001e-09,0.001193210748726592
6.022529230103864e-09,0.001124925571145385
6.02681832846293e-09,0.001001759780044907
6.030786879863002e-09,0.0009076120800243622
6.037793573917734e-09,0.0007881869207841461
6.04359135552334e-09,0.000717522394648909
6.051916462211995e-09,0.0006417611983951741
6.05971851736293e-09,0.0005984704567009902
6.066673569276839e-09,0.0005714152849227836
6.074383372735165e-09,0.0005524640650323509
6.0812294783453e-09,0.0005362129867184595
6.082544399371835e-09,0.0005343149440991751
6.085174241424904e-09,0.0005270550776061369
6.088658354056716e-09,0.0005176073404945878
6.091992910919009e-09,0.0005051137106251348
6.095769846404269e-09,0.0004920115598424898
6.099526772897415e-09,0.0004777065798109522
6.104685175626834e-09,0.0004614164188973624
6.110281101146479e-09,0.0004427861246173282
6.114619787766679e-09,0.00042951456701405
6.116326579424234e-09,0.0004230805705977746
6.119740162739344e-09,0.0004128591582122161
6.124352057770633e-09,0.0003985598537576037
6.133575847833211e-09,0.0003762309533874974
6.147176494546168e-09,0.0003499933929957559
6.167644669718679e-09,0.0003225059894564633
6.191529788614659e-09,0.0002964579383705161
6.210955510134765e-09,0.0002796397166791367
6.230657051254842e-09,0.0002624544644638154
6.247949013389079e-09,0.0002477689917888021
6.264249397062072e-09,0.0002321865060882802
6.268452716866837e-09,0.0002290356897553338
6.276859356476367e-09,0.0002209350995144999
6.293672635695427e-09,0.0002072575372967251
6.30820220045444e-09,0.0001959284017627353
6.326131182068977e-09,0.0001856999841494913
6.350616534547664e-09,0.0001739001698277228
6.399587239505039e-09,0.0001629441898695823
6.434810565934418e-09,0.0001610520944500813
6.462592771695534e-09,0.0001612706544708463
6.491606167033061e-09,0.000157136537687775
6.52043271966911e-09,0.0001515379629726859
6.549331919273839e-09,0.0001426659799265554
6.554456442853482e-09,0.000141355603497505
6.564705490012769e-09,0.0001357187569245017
6.577837548042783e-09,0.000128255417773595
6.588879461555684e-09,0.00012093435076407
6.603261804042789e-09,0.0001138066240510686
6.619874279931292e-09,0.0001057674665059363
6.644700029055269e-09,9.72714242556781e-05
6.681623718446922e-09,8.617856039374596e-05
6.737358712970489e-09,7.478765507021876e-05
6.813231372523368e-09,6.202576246418153e-05
6.923897458624028e-09,4.922289733303187e-05
7e-09,4.141513521814167e-05
7.020000000000001e-09,4.00357301221749e-05
7.060000000000003e-09,3.697607242519915e-05
7.140000000000008e-09,3.135586946064113e-05
7.281219580848933e-09,2.349819125401087e-05
7.557111623367477e-09,1.339220246916953e-05
7.778555811683738e-09,8.706878774331802e-06
7.81875e-09,8.100941126811967e-06
7.825259142095645e-09,1.250507900184645e-05
7.838209348814857e-09,9.862740096687761e-06
7.850018692528637e-09,1.170865461146101e-05
7.863022900205281e-09,2.226680870705484e-05
7.876069817936417e-09,3.038346731910407e-05
7.886633550547785e-09,3.967713618788973e-05
7.900533317310161e-09,5.119547146078046e-05
7.90314212865764e-09,5.090419415433244e-05
7.908359751352596e-09,4.745688521570387e-05
7.913665217620269e-09,4.792213714063546e-05
7.919732016314779e-09,4.609428056936174e-05
7.927148582626896e-09,4.708633873795245e-05
7.936242437184682e-09,4.728540610741251e-05
7.945820015753639e-09,4.717204760840801e-05
7.960865483120171e-09,5.15300816548711e-05
7.977364127734386e-09,0.0001104567701820199
7.988682063867193e-09,0.0002285845211423319
8e-09,0.0004038363331260882
8.003885432072985e-09,0.0004737150172544252
8.011656296218955e-09,0.0006163547392862161
8.015828148109476e-09,0.0006865497597010119
8.02e-09,0.0007210599811285545
8.023177426487131e-09,0.0006947114642663024
8.027599908466997e-09,0.0006463396795160857
8.031627134599485e-09,0.0005991775959606135
8.038462133129474e-09,0.0005330548167554875
8.044927809686127e-09,0.000481166222272981
8.05384445414678e-09,0.0004232771586133316
8.064632897093875e-09,0.0003693092676238114
8.078944420650909e-09,0.0003184715089837973
8.097849373524196e-09,0.0002741159992539257
8.121422199389752e-09,0.0002474613926437146
8.145008369597642e-09,0.0002389263749460534
8.16318622458015e-09,0.0002402358683878643
8.186860641719616e-09,0.0002404693034862231
8.191043579358969e-09,0.0002408251789697582
8.199409454637676e-09,0.0002387566676056697
8.208470475792797e-09,0.0002352608250328679
8.220257898819543e-09,0.0002274435404578731
8.229988054025284e-09,0.000221690457546793
8.240369120882141e-09,0.000215202863501529
8.253863846839329e-09,0.0002066968358040501
8.264217127645048e-09,0.0001983117465331102
8.269393768047908e-09,0.0001944528703537421
8.279552449688749e-09,0.0001859583127978937
8.289668805087772e-09,0.0001775026486519423
8.294726982787283e-09,0.0001728293655898833
8.304843338186305e-09,0.0001647564799676265
8.316575988413468e-09,0.0001561551810984021
8.340041288867792e-09,0.0001427629867864363
8.372167740540568e-09,0.0001288714371226465
8.423085840784874e-09,0.0001135243758062522
8.501806763673045e-09,9.851295684214779e-05
8.558142221121121e-09,9.402872928251575e-05
8.594840084335814e-09,9.283307691735548e-05
8.627501356647733e-09,9.15247494034676e-05
8.66103309741349e-09,8.788306902342856e-05
8.701178708502133e-09,8.237062428637067e-05
8.733098542540194e-09,7.717011411845363e-05
8.740443687390603e-09,7.595140058780566e-05
8.755133977091419e-09,7.214169033809032e-05
8.772365175503964e-09,6.712108500051528e-05
8.790213591758285e-09,6.219260021453961e-05
8.809542585258292e-09,5.804260845200816e-05
8.838495425408694e-09,5.274854207818798e-05
8.885974578803958e-09,4.637894692491684e-05
8.951821658844564e-09,3.949130975797986e-05
9.000000000000001e-09,3.560819552059462e-05
9.020000000000001e-09,3.408313914292329e-05
9.06e-09,3.141944554341276e-05
9.139999999999998e-09,2.65952185163634e-05
9.275885722594921e-09,2.019266961014532e-05
9.541200898455307e-09,1.18316772744345e-05
9.770600449227653e-09,7.575825341323947e-06
9.818750000000001e-09,6.947120948874351e-06
9.824768693846545e-09,-1.22885164126524e-07
9.836806081539632e-09,-5.944723307891913e-06
9.84988767986531e-09,6.065860139201639e-07
9.862300131846497e-09,2.355795136416229e-05
9.875825191427005e-09,7.796126988924188e-05
9.886135285159554e-09,0.0001373156027746581
9.899861883539071e-09,0.000214607544165731
9.902514421465549e-09,0.0002228807555305633
9.907819497318504e-09,0.0002222128240363953
9.913079869702126e-09,0.0002159471838182102
9.919236803961033e-09,0.0002021471567910559
9.926759169631056e-09,0.000188745971968723
9.93554093662137e-09,0.0001766137532422909
9.945125692423994e-09,0.0001658658646711618
9.959994076871024e-09,0.0001557814551113418
9.976371770564297e-09,0.0001593833524934632
9.988185885282149e-09,0.0001821720079944839
1e-08,0.000218006367934698
1.000468365900126e-08,0.0002344977313052547
1.001234182950063e-08,0.0002619472822886463
1.002e-08,0.0002778612476213821
1.002384293380699e-08,0.0002665080577961393
1.002924942065698e-08,0.0002452313648823611
1.003431346273373e-08,0.0002271086010764267
1.004326957385616e-08,0.0002029522998604861
1.005163415295515e-08,0.0001850197335231062
1.006300479007654e-08,0.0001654574594488948
1.007713655163387e-08,0.0001473085020175324
1.009533617688209e-08,0.0001300135550753852
1.011843893983498e-08,0.0001149670955261031
1.014822635903516e-08,0.0001021311439154043
1.018588709179885e-08,9.461884414161285e-05
1.023339356250427e-08,9.648452838959573e-05
1.026186766536633e-08,0.0001015604333520099
1.029431065090971e-08,0.0001032719954935184
1.03194974152771e-08,0.0001012695331094468
1.032774034243682e-08,0.000100043623139368
1.034422619675625e-08,9.763881249696296e-05
1.03488310250883e-08,9.652546035046524e-05
1.035804068175238e-08,9.378081518286232e-05
1.036828158345783e-08,8.860225889445603e-05
1.038175596686558e-08,8.054973864010704e-05
1.03933492973008e-08,7.373667352199377e-05
1.04088178308842e-08,6.65418209119733e-05
1.042610862485701e-08,6.008248451545027e-05
1.045562056273577e-08,5.201593821333587e-05
1.049957901954371e-08,4.358249684793656e-05
1.055952575063169e-08,3.598908075758849e-05
1.064866998678743e-08,2.812787369686193e-05
1.077738280669674e-08,2.05800668069306e-05
1.088869140334837e-08,1.584569525729831e-05
1.1e-08,1.242484262340346e-05
1.102e-08,1.186670255697158e-05
1.106e-08,1.091793656191431e-05
1.114e-08,9.182929477021091e-06
1.129999999999999e-08,6.523593188771666e-06
1.161999999999999e-08,3.315890182158953e-06
1.180999999999999e-08,2.297639305307935e-06
1.181875e-08,2.260195321943619e-06
1.182305210317041e-08,-5.945983760118028e-05
1.182820045982484e-08,-9.700947225916552e-05
1.183334104397352e-08,-9.829391444137871e-05
1.184339174644906e-08,-8.86357036384889e-05
1.185142170330081e-08,-5.887265970304852e-05
1.18589355804129e-08,-2.944185246924928e-06
1.186858940884342e-08,6.308129984234671e-05
1.187602195325428e-08,0.000105934016647533
1.188496674456447e-08,0.0001737819685789585
1.188937593138393e-08,0.0001893735994348851
1.189090103071684e-08,0.0001889498984926338
1.189395122938265e-08,0.000174245430338769
1.189751796681317e-08,0.000166925149746898
1.19018344412365e-08,0.0001579458185475981
1.190603767414358e-08,0.0001567552496443032
1.191129448390115e-08,0.0001527201578364935
1.191734912922078e-08,0.0001522240632182944
1.1925525320316e-08,0.0001534806125565223
1.193558745408006e-08,0.0001665771546659722
1.194360101670923e-08,0.0001799045956263423
1.195349328663791e-08,0.0001961438981086954
1.196236066005936e-08,0.0002056445820691723
1.197090472430795e-08,0.0002171395232642644
1.197808232860705e-08,0.0002286282034714417
1.198486609854405e-08,0.0002471287816841415
1.19927547652283e-08,0.000278828616905886
1.199637738261415e-08,0.0002996679659257224
1.2e-08,0.0003214695275250103
1.200372588761345e-08,0.0003481305960539733
1.201085832285528e-08,0.000403218662726152
1.201542916142764e-08,0.0004408745908109157
1.202e-08,0.0004815169420467609
1.202326744238267e-08,0.0004947486099041063
1.202781644065849e-08,0.0004928959460409462
1.203196838838164e-08,0.0004792167637141212
1.204023286130009e-08,0.0004575923598553079
1.204829776019397e-08,0.0004359414402631664
1.206005692928659e-08,0.0004089945373538464
1.207444106060546e-08,0.0003792393942395976
1.209359603715695e-08,0.0003483082261991045
1.211142569857243e-08,0.0003254421894015798
1.213208773699255e-08,0.0003053632615390274
1.215849568802784e-08,0.0002842548379480379
1.219202573227264e-08,0.0002622389960170359
1.221745781376148e-08,0.0002449195214057704
1.223945665248525e-08,0.0002304941309510709
1.224844773939203e-08,0.0002247747762188429
1.226642991320559e-08,0.0002146213494319473
1.229235199745052e-08,0.000200041588634048
1.232889367359965e-08,0.0001814296453898008
1.239457690221513e-08,0.0001527521699178266
1.244598337702459e-08,0.0001364262765444044
1.251899231345237e-08,0.0001244146737086143
1.255232121006051e-08,0.0001222832208458917
1.258887619985774e-08,0.000117369845064246
1.262052965247656e-08,0.0001118229447503091
1.262798807823947e-08,0.0001102680099117253
1.26429049297653e-08,0.0001069596842540886
1.265870996130701e-08,0.0001015749814930687
1.267384380540344e-08,9.562478687978559e-05
1.26783609100027e-08,9.382185424613247e-05
1.268739511920122e-08,9.078898551941464e-05
1.270546353759827e-08,8.525641825476762e-05
1.273549551067997e-08,7.788629632156538e-05
1.278839590470342e-08,6.76756635310009e-05
1.285973810286799e-08,5.740510948613318e-05
1.292986905143399e-08,4.937522070674008e-05
1.3e-08,4.285508209096419e-05
1.302e-08,4.118977213529974e-05
1.306e-08,3.818423911441775e-05
1.314000000000001e-08,3.26699066476697e-05
1.327759427431119e-08,2.512744791146015e-05
1.354155620258677e-08,1.537199115649086e-05
1.377077810129339e-08,1.032269952143846e-05
1.381875e-08,9.575444031873003e-06
1.382474648733833e-08,1.150523687685364e-05
1.383673946201498e-08,4.35698630055204e-06
1.384978444642685e-08,9.962737252978599e-06
1.386210872754132e-08,2.688763403780302e-05
1.387549472584984e-08,3.346356910525125e-05
1.388568093952457e-08,3.964393901679461e-05
1.389916763370723e-08,5.042108767415225e-05
1.39017796209455e-08,4.842777429526564e-05
1.390700359542205e-08,4.395118246721351e-05
1.39121629990676e-08,4.81474317859245e-05
1.391812738821643e-08,4.757771204998054e-05
1.392547278438027e-08,5.229273959791828e-05
1.393404835598655e-08,5.222387880979491e-05
1.394345059137192e-08,5.165945360573288e-05
1.3958139329923e-08,5.289435646169152e-05
1.397452021178765e-08,0.0001242111853648384
1.397770518531419e-08,0.0001614379090316138
1.398407513236728e-08,0.0002700138363909952
1.399228005937508e-08,0.0004698212063338348
1.4e-08,0.0007109511645388476
1.400356408576479e-08,0.0008316895008412927
1.401069225729438e-08,0.001064174468699766
1.401534612864719e-08,0.001171289548977376
1.402e-08,0.001165324738267786
1.402252337192797e-08,0.001093086854942857
1.402681625083687e-08,0.0009643095819306734
1.403079279553478e-08,0.0008674645228073515
1.40378044428776e-08,0.0007449510732178729
1.404359048298751e-08,0.0006737496218730049
1.40519255186212e-08,0.0005981398786571508
1.405942338862593e-08,0.0005583058507727506
1.406630434253258e-08,0.0005329704695558094
1.407432561542899e-08,0.0005152646484695006
1.40808175397105e-08,0.0005012400896587117
1.408579633155163e-08,0.000490462328092464
1.409019912433583e-08,0.0004757060077180382
1.409524937749492e-08,0.0004591639693137294
1.409931556048406e-08,0.0004449536925818856
1.410434597908036e-08,0.0004305148480290825
1.410873991468932e-08,0.0004162337671219884
1.411327835070729e-08,0.0004027440429117537
1.411863218810565e-08,0.000385661444658792
1.412311164684793e-08,0.0003741738422646608
1.413100263009859e-08,0.0003545003522090067
1.414618080251377e-08,0.0003258236254144417
1.415854636114541e-08,0.000306034692098134
1.417245125745099e-08,0.0002879413283148644
1.417587075846724e-08,0.000282698560143591
1.418270976049972e-08,0.0002737414765491102
1.419072302482e-08,0.0002600291194573734
1.42015535468987e-08,0.0002429300350476344
1.421048739762831e-08,0.0002291107251919999
1.422187311110253e-08,0.0002157512767941694
1.424170136697747e-08,0.0001958033738540788
1.427729889391625e-08,0.0001731091702831632
1.432503394111733e-08,0.0001547010508957731
1.436160131902299e-08,0.0001488278206643646
1.439197736839315e-08,0.0001448305768332054
1.442402718485143e-08,0.0001415957596021632
1.445573834489208e-08,0.0001363534337652958
1.448881365222966e-08,0.0001321652527041297
1.449487030449644e-08,0.0001303463325038036
1.450698360903e-08,0.0001278237036130794
1.452079845990426e-08,0.0001227379582049201
1.453341603597392e-08,0.0001200107261669722
1.454866001986646e-08,0.0001161118710566525
1.457666871193971e-08,0.0001123480992108352
1.460934589195185e-08,0.0001070226343104859
1.464277138951343e-08,0.0001024244683199835
1.466956451069017e-08,9.740145850457189e-05
1.47020132782727e-08,9.289861094947083e-05
1.473429569177956e-08,8.523517515907573e-05
1.475832831983757e-08,7.904386028338595e-05
1.479161530600675e-08,7.004261771782464e-05
1.481549989735204e-08,6.619484763924849e-05
1.484992388811998e-08,6.002075011432315e-05
1.491877186965587e-08,5.222916463198042e-05
1.5e-08,4.402944769807871e-05
1.502e-08,4.280810961133229e-05
1.506e-08,3.993944806767945e-05
1.514e-08,3.468146408649144e-05
1.527709015238263e-08,2.744269571631265e-05
1.555127045714791e-08,1.731520029484192e-05
1.577563522857395e-08,1.205972746556805e-05
1.581875e-08,1.12984719738771e-05
1.582548651911871e-08,2.193569042820095e-05
1.583872844547777e-08,2.433048929647633e-05
1.585102562315503e-08,2.19557045582287e-05
1.586509007546597e-08,2.30582331083843e-05
1.588261486797426e-08,2.183674630134961e-05
1.590465365281771e-08,2.236731703984357e-05
1.59351216850122e-08,2.175219651851376e-05
1.59675608425061e-08,3.173880166712355e-05
1.598272647996865e-08,8.252658523103601e-05
1.6e-08,0.0002200011147558878
1.600481910755856e-08,0.000269741407309129
1.601240955377928e-08,0.0003496602883752467
1.602e-08,0.0003998773755781384
1.602387965544044e-08,0.0003756752302903902
1.602931146872627e-08,0.0003370700171297497
1.60343850421116e-08,0.0003035364660593354
1.604322372424868e-08,0.0002571379549303886
1.605118564412246e-08,0.0002236590762614023
1.60625273951131e-08,0.000187054736221917
1.607642881816985e-08,0.000156461056872094
1.609489963913447e-08,0.0001337515028819752
1.611846046417858e-08,0.0001254181393620221
1.613664039783464e-08,0.0001262457715157326
1.615273890650073e-08,0.0001268868068544259
1.616054633078356e-08,0.0001265398364246569
1.617432724276963e-08,0.0001251627585247642
1.617691153291763e-08,0.0001244601736424329
1.618208011321363e-08,0.0001227610414229429
1.618941835943921e-08,0.0001190210662985778
1.61959820706556e-08,0.0001156144832451996
1.620389755973302e-08,0.0001119402987533817
1.621556547324278e-08,0.0001077741199637584
1.623890130026228e-08,0.0001011222959949715
1.62753485333186e-08,9.271053455869657e-05
1.630158655471908e-08,8.686541074599454e-05
1.63082611381357e-08,8.534356479489347e-05
1.632161030496896e-08,8.106925265469388e-05
1.633466906035987e-08,7.563520521057392e-05
1.633946119978574e-08,7.340879836462816e-05
1.634904547863748e-08,6.938050744651042e-05
1.636395991882528e-08,6.376022359315456e-05
1.639378879920087e-08,5.498865691015874e-05
1.643649635577551e-08,4.591319407092523e-05
1.649685360552062e-08,3.716454973627978e-05
1.65878970601892e-08,2.814694554854322e-05
1.672821612150249e-08,1.907312429846523e-05
1.686410806075125e-08,1.314533963834455e-05
1.7e-08,9.125730290243022e-06
1.702e-08,8.638998178271097e-06
1.705999999999999e-08,7.797754921534302e-06
1.713999999999998e-08,6.27777346045938e-06
1.729999999999995e-08,4.038724430810904e-06
1.761999999999989e-08,1.584689110688675e-06
1.781875e-08,1.035878870369268e-06
1.7830078125e-08,-4.185822233675832e-05
1.784867183258561e-08,-4.337429210243615e-05
1.785686184529095e-08,-1.328618922998069e-05
1.786557541675911e-08,2.514022616864288e-05
1.787514425028644e-08,7.638845147221054e-05
1.788446209801732e-08,0.0001389079991401372
1.78879264443782e-08,0.0001647422161689216
1.789485513709995e-08,0.0002032732540581923
1.789652768637342e-08,0.0002062122235620509
1.789987278492036e-08,0.0002015743698816127
1.790402553747853e-08,0.0001918964449456135
1.790976244433877e-08,0.000177270047986478
1.791523678188657e-08,0.0001673421352391899
1.792188289115562e-08,0.0001588390049147426
1.792966392959836e-08,0.0001515336941694689
1.794046507160888e-08,0.0001436985221269227
1.79539387433775e-08,0.0001361224575166415
1.797270822124641e-08,0.0001326690102215849
1.79863541106232e-08,0.0001337403944739966
1.8e-08,0.0001345392391975642
1.801e-08,0.0001331549333460176
1.802e-08,0.0001350218910119106
1.80242378524555e-08,0.0001450923996514818
1.803033383837389e-08,0.0001468975908140298
1.803604863730807e-08,0.0001428200227395802
1.804668555267339e-08,0.0001381338824945196
1.805594087731401e-08,0.0001310846805439631
1.806024003878199e-08,0.0001281389570152588
1.806883836171794e-08,0.0001213658248000392
1.807908843628694e-08,0.0001136810420236663
1.809061137828749e-08,0.0001044349062336214
1.809637284928777e-08,9.998224681446312e-05
1.810789579128833e-08,9.101026630596836e-05
1.811861121240403e-08,8.255670002412401e-05
1.813179434886611e-08,7.249382798543775e-05
1.814511336892272e-08,6.410729286460354e-05
1.815952323619501e-08,5.694504823682739e-05
1.818282740726932e-08,4.833271518398563e-05
1.822484975367769e-08,3.824127603443313e-05
1.827970046412869e-08,3.042971488317129e-05
1.835991281753332e-08,2.33800897273081e-05
1.847458654930653e-08,1.722738467794604e-05
1.863109725406217e-08,1.196930979822523e-05
1.883367508798714e-08,7.768124057070983e-06
1.9e-08,5.582441344495624e-06
1.902e-08,5.385441010058062e-06
1.906e-08,5.016905583904153e-06
1.914e-08,4.34136578960092e-06
1.929999999999999e-08,3.302525825740924e-06
1.961999999999999e-08,2.048329261386117e-06
1.981875e-08,1.698158778330582e-06
1.983176541311734e-08,6.911671932418445e-06
1.985211850457129e-08,7.615955663891242e-06
1.988336844297943e-08,7.017818174236789e-06
1.990680286660013e-08,7.583085649787286e-06
1.994513767338765e-08,7.412484381843355e-06
1.997256883669383e-08,1.89772822881419e-05
1.998764081069045e-08,6.447129274815128e-05
2e-08,0.0001397048398490309
2.000477553488905e-08,0.0001755088679968133
2.001238776744453e-08,0.0002348588341868218
2.002e-08,0.0002792902225432405
2.002388411822352e-08,0.000272984140342956
2.002932287528199e-08,0.0002569590626100366
2.00344032494373e-08,0.0002392094909025451
2.004346716123013e-08,0.0002101678488976109
2.005186257056949e-08,0.0001879283417691782
2.006338805394624e-08,0.0001635757560567455
2.007762083527383e-08,0.000142956511287563
2.009607167708008e-08,0.0001260955502915905
2.011947971515626e-08,0.0001170798542652488
2.014355956641307e-08,0.0001159397828827189
2.016052143829554e-08,0.0001158454468005387
2.017851534828834e-08,0.000113228568874387
2.018291164198879e-08,0.0001123406286030961
2.019170422938968e-08,0.0001095060753281622
2.019980706908062e-08,0.0001051974795776104
2.020861373179256e-08,9.885256503665171e-05
2.02177045569348e-08,9.259585389183357e-05
2.022603705978487e-08,8.774315949676702e-05
2.0242702065485e-08,7.987936124403333e-05
2.027121554347453e-08,6.987691670607015e-05
2.031478240997015e-08,5.881908980349088e-05
2.038004865831037e-08,4.634522127173573e-05
2.045879183879568e-08,3.509279265260347e-05
2.056103313439707e-08,2.475213082759523e-05
2.068354932248811e-08,1.669170071009759e-05
2.083974319428108e-08,1.045941677893598e-05
2.1e-08,6.815296394037103e-06
2.102e-08,6.492097864837627e-06
2.105999999999999e-08,5.927715406417814e-06
2.113999999999998e-08,4.921093159256984e-06
2.129999999999995e-08,3.484095797673936e-06
2.161999999999989e-08,1.941458699397525e-06
2.181875e-08,1.567656890608943e-06
2.1830078125e-08,-4.596932143851877e-05
2.184866049770283e-08,-4.342023064732869e-05
2.185659186761487e-08,-5.126523560052722e-06
2.18641784015606e-08,2.906373024673078e-05
2.187286249231412e-08,5.120643155890856e-05
2.188063810426738e-08,7.028748342812567e-05
2.188327104572846e-08,7.873467297871276e-05
2.188853692865062e-08,8.858573880035245e-05
2.189003625359221e-08,8.374636957718099e-05
2.189303490347541e-08,6.978226218217402e-05
2.189637778708312e-08,5.610863340200289e-05
2.190126630691141e-08,5.023305334616179e-05
2.190564412004046e-08,5.072341716235256e-05
2.191063162128478e-08,5.25341739317869e-05
2.191669869821452e-08,5.442771130071319e-05
2.192494732528947e-08,5.671670104841191e-05
2.193553994929419e-08,6.272741878915267e-05
2.194560859344344e-08,7.549009158616947e-05
2.195418649086327e-08,8.80916316212432e-05
2.196470885147629e-08,0.0001063108218782404
2.197315832656734e-08,0.0001308037300420111
2.198156114512501e-08,0.0001747394667541911
2.19880637935937e-08,0.0002225032328883925
2.199403189679685e-08,0.0002787822346533637
2.2e-08,0.0003459858744067496
2.200409137316041e-08,0.0003975228883166121
2.201227411948123e-08,0.0005061421365461093
2.201613705974062e-08,0.0005561389247654547
2.202e-08,0.0005935318755670872
2.202311016653985e-08,0.000589202266034927
2.202740866618755e-08,0.0005661903562561626
2.203134217509591e-08,0.0005363704753765738
2.203889155737143e-08,0.0004869019582059955
2.204640793426914e-08,0.0004438720696531049
2.205647273847046e-08,0.0003964262701695813
2.206873258666219e-08,0.000351522289440246
2.208386756488276e-08,0.0003102867415737935
2.210034393689137e-08,0.0002773231832743639
2.211968791148678e-08,0.0002495380521228868
2.214365953603983e-08,0.0002264376928550253
2.217835457188902e-08,0.0002081000459667219
2.220750515894993e-08,0.0001988849131291219
2.223346837808156e-08,0.0001913721790693518
2.224442337450327e-08,0.0001882598142706122
2.226633336734669e-08,0.0001824921681469906
2.227153258685045e-08,0.0001809642942399371
2.228193102585798e-08,0.0001774037190124043
2.229335458727559e-08,0.0001725191239730426
2.230720519388759e-08,0.0001665290845895254
2.23198461496562e-08,0.0001615468139737433
2.233788836470245e-08,0.0001554641564895031
2.23630839231944e-08,0.0001489360426215197
2.239048047253439e-08,0.0001430282572208781
2.24175977557639e-08,0.0001367687722176792
2.245660845202569e-08,0.0001273232965552045
2.248500338650362e-08,0.000119667567152068
2.249078496540564e-08,0.0001177601544268071
2.250234812320967e-08,0.0001132528440851464
2.251920661915372e-08,0.0001063935479459687
2.25321482502655e-08,0.0001018518106611558
2.255016703623019e-08,9.637956251877317e-05
2.258472768552163e-08,8.781827423027486e-05
2.264156280927192e-08,7.696068565190973e-05
2.272105506605144e-08,6.570442117480168e-05
2.283935488873494e-08,5.331878876595778e-05
2.3e-08,4.102407685664759e-05
2.302e-08,3.975019321827513e-05
2.306e-08,3.738175640789612e-05
2.314e-08,3.294822942633687e-05
2.329951025268957e-08,2.567087567768179e-05
2.361489200594069e-08,1.570819137601923e-05
2.380744600297035e-08,1.178425482583284e-05
2.381875e-08,1.159306752050518e-05
2.382228929256592e-08,-2.39165370225982e-06
2.382936787769777e-08,-1.658205274089189e-05
2.383516952090658e-08,-1.688175627443981e-05
2.38441182007594e-08,-1.483912929203029e-05
2.385227487480517e-08,-8.022920813657657e-06
2.386533128537338e-08,1.728842011431741e-05
2.387567415910342e-08,4.187416090071654e-05
2.388629894970847e-08,7.73812719896217e-05
2.388984629568563e-08,9.144146835810373e-05
2.389694098763994e-08,0.0001153964208744627
2.389905984877982e-08,0.0001193565350942823
2.390329757105959e-08,0.0001216011653381472
2.390824332580092e-08,0.0001198898288871773
2.391021320728805e-08,0.0001195885187679736
2.39141529702623e-08,0.0001165598057976701
2.392079526772744e-08,0.0001137190556815527
2.392816746619195e-08,0.0001083472771781835
2.393811889676861e-08,0.0001026235600299171
2.39507594088507e-08,9.456491957556948e-05
2.396725658081473e-08,9.214623431077992e-05
2.398362829040737e-08,0.0001278966734142261
2.398772121780553e-08,0.0001468341972208415
2.399386060890276e-08,0.0001832928526029771
2.4e-08,0.0002267522176073153
2.400402904470744e-08,0.0002590595871899357
2.401208713412233e-08,0.000327877398903776
2.401604356706116e-08,0.0003622752325185899
2.402e-08,0.0003912904262488899
2.402313173345239e-08,0.0003955044560967296
2.40274665770174e-08,0.0003921042106870418
2.403142922418102e-08,0.0003825922957289071
2.403935451850826e-08,0.0003650863294146513
2.404727309504852e-08,0.0003472242973781339
2.405867914824499e-08,0.0003244582779417712
2.407226701427075e-08,0.0002999723841395209
2.40902360043705e-08,0.0002742048117675528
2.411105907537924e-08,0.0002502065997507068
2.413740056033687e-08,0.0002281981066697532
2.416939862978151e-08,0.0002079545826745907
2.421022760889544e-08,0.0001909337055090737
2.426115520562867e-08,0.0001770470636442348
2.432630804344724e-08,0.0001694676341079772
2.437096540141434e-08,0.0001662423034813179
2.442030859062441e-08,0.0001622489922767405
2.446222974206321e-08,0.0001574677346327539
2.451234916663912e-08,0.0001549293941064925
2.452198694834208e-08,0.0001540402271254414
2.4541262511748e-08,0.0001516131788709579
2.456286463420297e-08,0.0001444858262663501
2.458482423683114e-08,0.0001360931241587424
2.46086222197956e-08,0.0001272907743228464
2.463209621116406e-08,0.0001204863126483765
2.464041350177383e-08,0.0001177433687525542
2.465704808299339e-08,0.0001122420320144443
2.467186190867703e-08,0.0001061242556067697
2.467695597083675e-08,0.0001043329666715558
2.468714409515618e-08,0.000100482329184532
2.470631926745374e-08,9.45097209883517e-05
2.474466961204887e-08,8.441640006334817e-05
2.479469433932096e-08,7.463725844772642e-05
2.486692751577509e-08,6.37115633732642e-05
2.493346375788755e-08,5.623805523806068e-05
2.5e-08,4.980023704016684e-05
2.502e-08,4.82070634170769e-05
2.506e-08,4.513355264712091e-05
2.514e-08,3.946083184704718e-05
2.528286786766437e-08,3.123357175491925e-05
2.555144420166797e-08,2.025108539597403e-05
2.577572210083398e-08,1.429109732171063e-05
2.581875e-08,1.342226774670322e-05
2.58254792064453e-08,3.093858352431227e-05
2.583870897979404e-08,3.078388940882084e-05
2.585098115760498e-08,3.016267464944802e-05
2.586421738753066e-08,4.099478529183273e-05
2.587681899952658e-08,4.804059392182221e-05
2.588755145310061e-08,6.018828407154603e-05
2.589114875289758e-08,6.426931810604775e-05
2.589834335249151e-08,7.166655404878462e-05
2.59004727485974e-08,7.228452088856256e-05
2.590473154080917e-08,7.211628728365879e-05
2.590990182413374e-08,7.124969125258457e-05
2.591807970768823e-08,7.117113321264891e-05
2.592504119982073e-08,7.037979263914499e-05
2.593369698270851e-08,7.059338748057822e-05
2.594331670135508e-08,6.952674920749654e-05
2.595707691300983e-08,7.351338634466347e-05
2.59752001971719e-08,0.0001699837010186729
2.597830017252541e-08,0.000212818330678649
2.598450012323244e-08,0.0003356016126181
2.59923554132501e-08,0.000544189347649375
2.6e-08,0.000798189928634722
2.60036636595748e-08,0.0009251448687540094
2.601099097872439e-08,0.001156041847806706
2.60154954893622e-08,0.001228986931636952
2.602e-08,0.001163321158727878
2.602255125483668e-08,0.001061077943953091
2.602676547802855e-08,0.0009017142241956595
2.603070653150263e-08,0.000793285033925205
2.603787736930328e-08,0.0006586238579436243
2.60438240656765e-08,0.000586465210970916
2.60515366228534e-08,0.0005260713191600763
2.605801488141678e-08,0.0005003761058071221
2.606529826895612e-08,0.0004825007520360614
2.607240833692092e-08,0.0004715964565921292
2.607380596433542e-08,0.0004688770081828184
2.607660121916441e-08,0.0004644095009846926
2.6079747029525e-08,0.0004556994191020682
2.608320635393274e-08,0.0004433910827597724
2.608670875333423e-08,0.000427562551104131
2.609059018985063e-08,0.0004104554510453935
2.609462504361233e-08,0.000392846966156501
2.610113586344835e-08,0.0003683188321043121
2.610595451256461e-08,0.0003506737844225924
2.611062645697719e-08,0.0003344566656913974
2.611255005345145e-08,0.0003272504818873807
2.611639724639996e-08,0.0003149817127999251
2.612284502353671e-08,0.0002956468787928219
2.613500583212309e-08,0.00026785539933956
2.614981692533514e-08,0.0002421338406283729
2.616363476381608e-08,0.000225012076616729
2.61789897416302e-08,0.0002087339555695337
2.619593391102485e-08,0.0001932055841825064
2.62088517847735e-08,0.0001804189432890348
2.621531072164782e-08,0.0001749856129846356
2.622724640780593e-08,0.0001651998810905017
2.624283814404921e-08,0.0001557092427026693
2.627402161653577e-08,0.0001411770020949349
2.632146913991491e-08,0.0001294078644154208
2.636358433408594e-08,0.0001241825042229075
2.641320831490581e-08,0.0001211139457644893
2.644805262914318e-08,0.0001181028839000748
2.646170906662146e-08,0.0001176108690610215
2.648902194157803e-08,0.0001156563471078859
2.649654678099684e-08,0.000115587365806072
2.651159645983446e-08,0.000113364320200055
2.652633097748772e-08,0.0001105683188475866
2.653369823631434e-08,0.0001082799838669379
2.65484327539676e-08,0.0001052145034137625
2.656488926372492e-08,0.0001014714680487225
2.659565882014502e-08,9.606234235643471e-05
2.663119023780991e-08,8.920175993191536e-05
2.667141632247501e-08,8.289194514680894e-05
2.670437280695298e-08,7.687763564512901e-05
2.673432140816768e-08,7.016936563412345e-05
2.675903699944871e-08,6.34068149283842e-05
2.679067209622514e-08,5.776873711300728e-05
2.681524941430656e-08,5.359616294484932e-05
2.68644040504694e-08,4.774888368787184e-05
2.691855581057684e-08,4.204968183266168e-05
2.7e-08,3.600961616134418e-05
2.702e-08,3.45342062985692e-05
2.705999999999999e-08,3.21382211847538e-05
2.713999999999998e-08,2.776309871267981e-05
2.72692951544023e-08,2.209583847631979e-05
2.752788546320694e-08,1.409903451966945e-05
2.776394273160347e-08,9.479709648119921e-06
2.781875e-08,8.699134090146836e-06
2.78244140625e-08,-6.007650521468936e-05
2.78357421875e-08,-0.0001013741017669287
2.7849890148465e-08,-5.488580731576268e-05
2.786187824008508e-08,2.807614900651999e-05
2.78697416700671e-08,7.765563458484694e-05
2.787760532199613e-08,0.0001191979562646282
2.788609785845641e-08,0.0001798376661582772
2.78905427706878e-08,0.000175681925060535
2.789184390587867e-08,0.0001714385170487794
2.78944461762604e-08,0.0001598013383491519
2.789837672991077e-08,0.000157298475495982
2.790217565998141e-08,0.0001562118095894933
2.790660945513893e-08,0.0001561732390339445
2.79119909089761e-08,0.0001554135408348246
2.791875899109069e-08,0.0001558352896500559
2.792614108239535e-08,0.0001610994804867212
2.79347075343691e-08,0.0001760095322815171
2.794229895394861e-08,0.0001922008080172257
2.795260497068665e-08,0.0002109439819507872
2.796045328250163e-08,0.0002205864893502985
2.796884216934558e-08,0.0002282081691690304
2.797540387928437e-08,0.0002336655746499334
2.798216644318482e-08,0.0002435523249304559
2.798886694316115e-08,0.0002616550093693097
2.799539395482681e-08,0.0002877599186879042
2.8e-08,0.0003101561759968343
2.800396867445196e-08,0.0003322304963726588
2.80113004324881e-08,0.0003765262122697961
2.801565021624405e-08,0.0004034133753737371
2.802e-08,0.0004330564570781555
2.802322184397755e-08,0.000440363277170306
2.802770569014979e-08,0.0004319280917540312
2.803179169638826e-08,0.0004143478705470954
2.803982763529536e-08,0.0003872833068911136
2.804786575325321e-08,0.0003613864052142002
2.805933154601701e-08,0.0003317215618210298
2.807283857633674e-08,0.0003023126646059867
2.809076572439443e-08,0.0002744848168323433
2.811048807103559e-08,0.0002511347051240527
2.813435889331113e-08,0.0002314105276155736
2.816620195949595e-08,0.0002082374049039364
2.817225332976247e-08,0.0002047412467903396
2.818435607029551e-08,0.0001952549440927979
2.819970786301662e-08,0.0001841379207990242
2.821419993810798e-08,0.0001736044826293194
2.823241015876934e-08,0.0001627913753881636
2.826112687303647e-08,0.0001469330915419351
2.8301673448263e-08,0.0001292585577354616
2.834939749059522e-08,0.0001139876654506843
2.838157446655045e-08,0.0001089895303635842
2.840766514719497e-08,0.0001058120754955052
2.843487651691486e-08,0.0001020735153511366
2.846293090320278e-08,9.615307232898576e-05
2.848990151641147e-08,8.990628825989218e-05
2.849489255886399e-08,8.811381178302108e-05
2.850487464376902e-08,8.443812153009055e-05
2.851720995058183e-08,7.872855359304111e-05
2.852794318563167e-08,7.454196823928029e-05
2.854147714232708e-08,6.958608810838926e-05
2.856584513722208e-08,6.260498993557661e-05
2.861150331467577e-08,5.235936271062913e-05
2.867218977251034e-08,4.292297589543114e-05
2.876411480789402e-08,3.256033992589725e-05
2.890152468774177e-08,2.260977115713591e-05
2.9e-08,1.754148972813343e-05
2.902e-08,1.68023425308312e-05
2.906e-08,1.534584794432089e-05
2.914e-08,1.272807313363778e-05
2.929016376078687e-08,9.106812230081803e-06
2.95904912823606e-08,4.962130839199369e-06
2.97952456411803e-08,3.584780104641585e-06
2.981875e-08,3.472337338951926e-06
2.982376552132933e-08,-2.124234646310028e-06
2.983379656398798e-08,-7.617444717564098e-06
2.984247862487341e-08,-5.594835441598794e-06
2.985370836821605e-08,1.242808707148665e-06
2.98645869928767e-08,1.566417185753627e-05
2.987575062916822e-08,3.408913361269332e-05
2.988601835207497e-08,5.68755253634621e-05
2.99002388514801e-08,9.005611963742172e-05
2.990289201235523e-08,9.303958918893014e-05
2.990819833410549e-08,9.290452923294825e-05
2.991350770984918e-08,9.28405118134486e-05
2.991986933954204e-08,8.856183744759634e-05
2.992727765839608e-08,8.496806993268074e-05
2.993623148181014e-08,8.004103470862457e-05
2.994568910708318e-08,7.479598274076736e-05
2.996058398608893e-08,7.010397041066661e-05
2.997690712441343e-08,8.408177042570363e-05
2.998268034331008e-08,0.0001018984569305716
2.999134017165504e-08,0.0001430285899677911
3e-08,0.0002004899360909287
3.000423376621865e-08,0.0002329562825208892
3.001270129865595e-08,0.000302303188609716
3.002000000000001e-08,0.0003526915235003273
3.002381357319486e-08,0.0003536275491258537
3.002920705584751e-08,0.0003450228897834848
3.003418121657642e-08,0.0003312151833306195
3.004314732806704e-08,0.0003084504682467644
3.005183536252577e-08,0.0002880834428764596
3.00638384010505e-08,0.0002638626214875873
3.007862954133433e-08,0.000239724827096442
3.009696361721382e-08,0.0002164117766368394
3.011977983842132e-08,0.0001941513312675496
3.014849352788892e-08,0.0001728362402197836
3.018513124944778e-08,0.000154068089538283
3.019693060588527e-08,0.0001501322489929123
3.022052931876027e-08,0.0001455601323435031
3.024559162569092e-08,0.000143394997040393
3.026526380205202e-08,0.0001408674206559926
3.028957332517601e-08,0.0001363187647961719
3.02944812144792e-08,0.0001352689960698469
3.030429699308559e-08,0.0001327016286173578
3.03145264642573e-08,0.0001285519373052065
3.032537910477565e-08,0.000123053074001959
3.033677756281996e-08,0.0001176225989957174
3.034720187656697e-08,0.0001134927102961997
3.0368050504061e-08,0.000107002737597017
3.040239222993987e-08,0.0001005375554012771
3.04577573145273e-08,9.592301221832463e-05
3.050002719193562e-08,9.27712189936359e-05
3.053497739486382e-08,8.831511951076141e-05
3.055198710573003e-08,8.591420467726893e-05
3.058134590648775e-08,8.143646089697088e-05
3.0610182431975e-08,7.472426530801629e-05
3.063119393491612e-08,6.826590709537509e-05
3.064169968638668e-08,6.532162618052061e-05
3.066150453325541e-08,6.072970864456052e-05
3.069541936881288e-08,5.452921092150846e-05
3.074327216283454e-08,4.817056807257496e-05
3.081360820523325e-08,4.134561782312499e-05
3.090654317358498e-08,3.456641530971044e-05
3.1e-08,2.914104370672651e-05
3.102e-08,2.813962874546761e-05
3.106000000000001e-08,2.628167922109326e-05
3.114000000000002e-08,2.284045005979043e-05
3.128247980941232e-08,1.787768537926953e-05
3.156743942823693e-08,1.109328289081563e-05
3.178371971411847e-08,7.927293717534773e-06
3.181875e-08,7.539733998434471e-06
3.182437167991942e-08,1.267301619107355e-05
3.183561503975825e-08,1.412659543561515e-05
3.184648099537777e-08,1.283057945331723e-05
3.185877535207223e-08,1.331748482757764e-05
3.18737185873435e-08,1.269127121239584e-05
3.189295324942376e-08,1.285694661408377e-05
3.191980738056491e-08,1.247823886884436e-05
3.195895006017149e-08,1.38270267371494e-05
3.196921254512861e-08,1.862155841561513e-05
3.198460627256432e-08,4.621688502448815e-05
3.200000000000001e-08,0.000102400595673352
3.200485752196676e-08,0.0001235978718726874
3.201242876098339e-08,0.0001569149267060173
3.202000000000001e-08,0.0001755504481972006
3.202387139798473e-08,0.0001614258340820457
3.202929440447183e-08,0.0001393044262892793
3.203435987351475e-08,0.0001224317363934737
3.204339077706342e-08,9.990774489282e-05
3.205167904269832e-08,8.538172743976683e-05
3.20630475157984e-08,7.037103338645947e-05
3.20772118608035e-08,5.798112013183166e-05
3.209569629307597e-08,4.634348965272991e-05
3.211917506558003e-08,3.670320961959443e-05
3.214949721834675e-08,2.833768633215635e-05
3.218791157284736e-08,2.431492567497417e-05
3.223641731245126e-08,2.636964588838463e-05
3.227346376253374e-08,2.921042083846428e-05
3.23029369357353e-08,2.901559472925511e-05
3.231767352233608e-08,2.888847602741758e-05
3.234188415449855e-08,2.684284623832788e-05
3.23599233458424e-08,2.30967762171741e-05
3.237667388373385e-08,1.82334778126883e-05
3.238141350662884e-08,1.716597836891849e-05
3.239089275241881e-08,1.49606153423785e-05
3.240918581673926e-08,1.166407351529413e-05
3.243154429340666e-08,8.459202829976811e-06
3.247626124674148e-08,4.408544534451324e-06
3.254982805402997e-08,8.753847367023476e-07
3.266145342067703e-08,-1.01774492805332e-06
3.282346865794134e-08,-1.812672628075552e-06
3.3e-08,-1.653448688486211e-06
3.302000000000001e-08,-1.662967228248904e-06
3.306000000000001e-08,-1.590750915456956e-06
3.314000000000002e-08,-1.437175326560103e-06
3.330000000000005e-08,-1.092375565139871e-06
3.362000000000009e-08,-4.293929124322312e-07
3.381875e-08,-1.146074210551477e-07
3.3830078125e-08,-2.388009837375704e-06
3.38486575110622e-08,2.472473026011974e-07
3.385657267965916e-08,1.592936589243856e-05
3.386549430888456e-08,4.139856383616208e-05
3.387526739073951e-08,7.178805730829824e-05
3.388485649195982e-08,0.0001127492471673688
3.388828739296908e-08,0.0001291335747927564
3.389514919498761e-08,0.0001561756267549089
3.389692808860851e-08,0.0001588427568040728
3.39004858758503e-08,0.0001592467080706377
3.390484455249269e-08,0.0001565386600986309
3.390663499450546e-08,0.000155380986907676
3.3910215878531e-08,0.0001520576472709562
3.391587571349108e-08,0.0001487139131610137
3.392241769851124e-08,0.0001426502010569327
3.393179503245605e-08,0.0001362678358317675
3.394346569744821e-08,0.0001274943953338704
3.395871873555574e-08,0.0001250506606227171
3.397886532299751e-08,0.000247082316641261
3.398150715762282e-08,0.0002851205823969716
3.398679082687344e-08,0.0003872266414798939
3.399402256096208e-08,0.0005649378919294721
3.400000000000001e-08,0.0007405621537283317
3.400363792464542e-08,0.0008507003056179778
3.401091377393626e-08,0.001050909048281437
3.401545688696813e-08,0.001115431181346699
3.402000000000001e-08,0.001056086583401737
3.402253204857463e-08,0.0009677329140315405
3.402676254750788e-08,0.0008252281853784087
3.403070816696365e-08,0.0007273094367628762
3.403784550772784e-08,0.0006079892334105619
3.404374280040265e-08,0.0005426741637900437
3.405202316334345e-08,0.0004834403862930784
3.405876406127413e-08,0.0004592239125497234
3.406594985098744e-08,0.0004443256092620756
3.407389788949614e-08,0.0004350032625458798
3.407534412928768e-08,0.0004327599754752754
3.407823660887075e-08,0.0004295375566545239
3.408139184806915e-08,0.0004227028204714923
3.40859443704364e-08,0.0004105028054427447
3.408949765851868e-08,0.0003979079825139793
3.409339074742628e-08,0.0003841776859984733
3.409484045944741e-08,0.0003781890103770524
3.409773988348966e-08,0.000367940535910955
3.410236413939168e-08,0.000351614156381262
3.411009796806208e-08,0.000329001931076466
3.411169370663962e-08,0.0003242407610462179
3.411488518379469e-08,0.0003161547823337733
3.411858347272153e-08,0.0003055105991754536
3.412370584589271e-08,0.000291356898709046
3.412795667026682e-08,0.0002794334152178187
3.413330965813747e-08,0.0002667919417457395
3.414183247294118e-08,0.0002490664608650972
3.415880075616543e-08,0.0002240917935123724
3.418376037255744e-08,0.0002007959085705716
3.420370765926869e-08,0.000189947137602513
3.420839924674317e-08,0.0001874208207339391
3.421778242169215e-08,0.0001830218448461827
3.422759661126774e-08,0.0001766595457952164
3.423821636755352e-08,0.0001703704871212087
3.424938911639452e-08,0.0001642679386371406
3.426237441754165e-08,0.0001596033956113294
3.428412575984485e-08,0.0001529204829499833
3.430694358641728e-08,0.000146604093104383
3.431258188097069e-08,0.0001442119925564021
3.43238584700775e-08,0.0001392180018220273
3.433579710599605e-08,0.0001320316342601332
3.434810807669332e-08,0.0001255395779287744
3.436124121957875e-08,0.0001187955731896305
3.43834711476885e-08,0.0001094518824828412
3.440507992912144e-08,9.921495870070941e-05
3.442296205235516e-08,9.084939966395128e-05
3.443058318913586e-08,8.718872001191129e-05
3.444582546269727e-08,8.176155011885538e-05
3.447519515931553e-08,7.230189262053421e-05
3.451302239885642e-08,6.362588051601546e-05
3.457367963051965e-08,5.234995957664276e-05
3.465348658235186e-08,4.207287136885672e-05
3.47814198680819e-08,2.961955707471662e-05
3.489070993404095e-08,2.273389135363173e-05
3.5e-08,1.705106878933138e-05
3.502000000000001e-08,1.642713964237171e-05
3.506000000000001e-08,1.499548737192766e-05
3.514000000000002e-08,1.240194156773955e-05
3.530000000000004e-08,8.548817471703731e-06
3.562000000000009e-08,4.166110275992141e-06
3.581875e-08,3.045076395933548e-06
3.583176513680614e-08,8.837922403091828e-06
3.585211697944394e-08,9.421246450901228e-06
3.588335459940802e-08,8.490466364692813e-06
3.590679393739542e-08,9.135197970564085e-06
3.594514916512903e-08,8.873219803275051e-06
3.597257458256452e-08,1.927561093849276e-05
3.598761695488614e-08,5.244772690788552e-05
3.6e-08,0.0001028175810164207
3.600479497437937e-08,0.0001257880487596951
3.601239748718969e-08,0.0001634108081335427
3.602000000000001e-08,0.0001873555657659121
3.602388293611103e-08,0.0001758021279305082
3.602931878376033e-08,0.0001572358577356237
3.603439567884272e-08,0.0001424390605547166
3.604347655013511e-08,0.0001206090143674975
3.605181538031207e-08,0.0001050141965849942
3.606332688552477e-08,8.755947675759124e-05
3.607760965528438e-08,7.253200010977292e-05
3.60961614846862e-08,5.896551154768786e-05
3.61195707434463e-08,4.897514541485512e-05
3.614956783652081e-08,4.183697259287096e-05
3.618751726121828e-08,3.991259011534712e-05
3.623592870340635e-08,4.501524417467842e-05
3.627679246644011e-08,5.129329010104982e-05
3.630567157672239e-08,5.280095485509188e-05
3.63154709139643e-08,5.311907222925303e-05
3.633506958844812e-08,5.264004099706265e-05
3.634042112689447e-08,5.247882643034458e-05
3.635112420378716e-08,5.072998194609672e-05
3.63622201986851e-08,4.768762406982857e-05
3.636667585913739e-08,4.600019783536629e-05
3.637558718004197e-08,4.313240017928332e-05
3.638801603488125e-08,3.942733369817525e-05
3.641287374455983e-08,3.416594947386505e-05
3.64477464646021e-08,2.935165209612785e-05
3.649936283208565e-08,2.544833739683502e-05
3.657717515765765e-08,2.188249908804957e-05
3.66975195207465e-08,1.837335317999399e-05
3.686348024184841e-08,1.438014716669561e-05
3.7e-08,1.184907282786777e-05
3.702e-08,1.146145406199601e-05
3.706000000000001e-08,1.081569985333236e-05
3.714000000000002e-08,9.592459083367862e-06
3.730000000000004e-08,7.52453443715999e-06
3.762000000000009e-08,4.579285942498782e-06
3.800000000000001e-08,2.544358087492015e-06
3.802000000000001e-08,2.471420033983207e-06
3.806000000000002e-08,2.335763023591311e-06
3.814000000000003e-08,2.080739845924128e-06
3.830000000000005e-08,1.65880475723828e-06
3.86200000000001e-08,1.077973934863506e-06
3.900000000000001e-08,6.909076779690939e-07
3.902000000000001e-08,6.774095252442328e-07
3.906000000000001e-08,6.520421891934363e-07
3.914000000000002e-08,6.044236456518894e-07
3.930000000000005e-08,5.258222847405143e-07
3.962000000000009e-08,4.178739747422276e-07
3.981875e-08,3.806636571314707e-07
3.9830078125e-08,-8.459423971304599e-06
3.984866081848084e-08,-7.962123217982442e-06
3.985815415778705e-08,6.897362538415509e-06
3.986828275983998e-08,3.755981222249041e-05
3.987880888104885e-08,8.816565200640345e-05
3.989029880023482e-08,0.0001580744508294787
3.989444368672775e-08,0.0001836911421208569
3.990273345971359e-08,0.0002165236513474547
3.99096200222116e-08,0.0002133295089023757
3.991622105653108e-08,0.0002034612406788515
3.991860697476527e-08,0.0001978119858295323
3.992337881123363e-08,0.0001887652704267922
3.993292248417036e-08,0.0001751224385628676
3.994117703098228e-08,0.0001646840577204335
3.995577098812355e-08,0.0001535608810680159
3.997106558187532e-08,0.0001505843007071994
3.998553279093767e-08,0.0001729514730041176
4.000000000000001e-08,0.0002161370166749026
4.000469060199514e-08,0.0002327260978551904
4.001234530099757e-08,0.0002604949020125814
4.002000000000001e-08,0.0002768785074063748
4.002384435844571e-08,0.0002657831811833481
4.002925004383163e-08,0.0002448902307931193
4.003431335458302e-08,0.0002269677028182775
4.004326317370636e-08,0.0002030596734478102
4.005165082373169e-08,0.00018512997751724
4.006305271183915e-08,0.0001655342599986548
4.007720315654031e-08,0.0001473016471000102
4.00953666880385e-08,0.0001299786934391691
4.011840489102289e-08,0.0001148459169018464
4.014807224141732e-08,0.0001018423320219235
4.018558979359569e-08,9.366967644602451e-05
4.023290112354139e-08,9.393854729484857e-05
4.026272989084667e-08,9.85967219720628e-05
4.029483537202299e-08,0.0001010426978617661
4.032036095074449e-08,9.990052482425745e-05
4.035224583953617e-08,9.554950239832242e-05
4.035815728731314e-08,9.462836649138504e-05
4.036998018286706e-08,9.056777015731099e-05
4.038188457931588e-08,8.419637124246754e-05
4.038651313774007e-08,8.109861611827059e-05
4.039577025458847e-08,7.565077092274613e-05
4.040707000516439e-08,6.967532299658082e-05
4.042966950631622e-08,6.058708232712647e-05
4.046155325536487e-08,5.142248769330283e-05
4.050819155538663e-08,4.265036428934068e-05
4.0572661063646e-08,3.451335749797035e-05
4.06674619809966e-08,2.673520475549949e-05
4.080853400983446e-08,1.885358941033864e-05
4.1e-08,1.21930895704266e-05
4.102000000000001e-08,1.163830609929238e-05
4.106000000000001e-08,1.07036728908201e-05
4.114000000000002e-08,8.993498201326268e-06
4.130000000000005e-08,6.375282660592772e-06
4.162000000000009e-08,3.222490566282241e-06
4.181000000000005e-08,2.227113041384254e-06
4.181875000000001e-08,2.190291558882148e-06
4.182305552147436e-08,-1.931699690652572e-05
4.182821213851573e-08,-3.264904728764527e-05
4.183336071589552e-08,-3.331326464639584e-05
4.18436578706551e-08,-3.035359126348046e-05
4.185172136881004e-08,-2.069495897001861e-05
4.186059962302743e-08,3.800306703396661e-06
4.187104047459407e-08,4.214197441765271e-05
4.187978983904628e-08,8.434654497347731e-05
4.189083300763319e-08,0.0001482429868405787
4.189368207969969e-08,0.0001596771309612322
4.189510661573295e-08,0.0001640432797262853
4.189795568779945e-08,0.0001657105706549961
4.190218002122728e-08,0.0001594249070633656
4.190803982091429e-08,0.0001496918574141054
4.191363679263164e-08,0.000141021221562292
4.191976273126918e-08,0.0001341507665870603
4.192755089387349e-08,0.0001274817934050996
4.193785159699257e-08,0.0001201210901845712
4.195143807380418e-08,0.0001129831950341385
4.196963874966278e-08,0.0001104401645679648
4.198319546331584e-08,0.0001127658504266091
4.199159773165792e-08,0.0001139175979055465
4.200000000000001e-08,0.0001139434447890648
4.200994361590217e-08,0.0001118583496581322
4.202000000000001e-08,0.0001106292378326851
4.202368276196108e-08,0.0001155038250016245
4.202967224148296e-08,0.0001137371014399712
4.203530853899575e-08,0.0001074319198724725
4.204506586448568e-08,0.0001000933622470761
4.205408234444943e-08,9.340833131463476e-05
4.206679927583798e-08,8.489236595547821e-05
4.207652653560314e-08,7.714857319270077e-05
4.208139016548572e-08,7.348431242315696e-05
4.209111742525087e-08,6.664269384171479e-05
4.210285716335151e-08,6.004884054783201e-05
4.212393050614008e-08,5.104944719410291e-05
4.215496699228231e-08,4.245662817278309e-05
4.220001882679932e-08,3.460229845377754e-05
4.226796875480332e-08,2.762428317736088e-05
4.234697616338738e-08,2.268933889434352e-05
4.244541573694583e-08,1.876329343925582e-05
4.256840842464185e-08,1.519090235225016e-05
4.273364611374927e-08,1.174202937348373e-05
4.286682305687464e-08,9.545181878374507e-06
4.3e-08,7.865497023531683e-06
4.302e-08,7.620290969597615e-06
4.306000000000001e-08,7.199665083691582e-06
4.314000000000002e-08,6.409949650984747e-06
4.330000000000004e-08,5.102252328890223e-06
4.362000000000009e-08,3.288547255203362e-06
4.381875e-08,2.653962983005646e-06
4.3830078125e-08,-1.086421950722422e-05
4.384867333923594e-08,-1.17093005282178e-05
4.385822759890119e-08,-1.93652563974873e-06
4.386848155308355e-08,8.31876055183414e-06
4.387908983868863e-08,2.136267920468204e-05
4.389073967275142e-08,3.872345373076784e-05
4.38948949172533e-08,4.497749779545793e-05
4.390320540625708e-08,5.020826548657612e-05
4.391003568748226e-08,4.625801128482467e-05
4.391680793686715e-08,4.50847103372723e-05
4.391924277540917e-08,4.325301067333331e-05
4.392411245249319e-08,4.241149638700075e-05
4.393383680319784e-08,4.072662331542684e-05
4.39426697653932e-08,3.873188171178994e-05
4.39574453341096e-08,3.584769450386812e-05
4.397369062025096e-08,3.101903544616427e-05
4.398684531012549e-08,2.795336853110088e-05
4.400000000000001e-08,2.42715172652124e-05
4.402000000000001e-08,2.077845237930053e-05
4.40256482868572e-08,2.437507160768047e-05
4.403398619488317e-08,2.407173292009488e-05
4.404211704991507e-08,2.196679347948109e-05
4.405403246965609e-08,2.067109931933591e-05
4.406684443341323e-08,1.885067929360525e-05
4.408564959768096e-08,1.762501971683273e-05
4.411462587635588e-08,1.681350175261712e-05
4.415903708208101e-08,1.977213876175937e-05
4.419068442066734e-08,2.293442345427624e-05
4.422619364992186e-08,2.521200013143826e-05
4.425565387201364e-08,2.496163277862984e-05
4.426630333488856e-08,2.485946936388769e-05
4.428760226063839e-08,2.415350969272911e-05
4.431469572266583e-08,2.181940744058255e-05
4.433466908052192e-08,1.783164701725633e-05
4.435724615034692e-08,1.288430588925694e-05
4.437889931429919e-08,9.290980519720853e-06
4.440083966299548e-08,6.775228024586652e-06
4.444472036038807e-08,3.357237802068563e-06
4.449746156421147e-08,1.310783190544927e-06
4.460294397185828e-08,-6.147916705602697e-07
4.472351053801542e-08,-1.141732915609314e-06
4.486175526900771e-08,-1.324996694183971e-06
4.500000000000001e-08,-1.101686394636553e-06
4.502000000000001e-08,-1.103490575237762e-06
4.506000000000001e-08,-1.038011907135183e-06
4.514000000000003e-08,-8.984569195571855e-07
4.530000000000005e-08,-6.097707666227931e-07
4.562000000000009e-08,-1.029460908691732e-07
4.581875e-08,1.149000332581611e-07
4.583176529326193e-08,5.38140780662768e-06
4.585211784496852e-08,6.112252180075287e-06
4.588336248874548e-08,5.596527079019275e-06
4.590679938462926e-08,6.226853354649506e-06
4.594514654892303e-08,6.179728106175768e-06
4.597257327446152e-08,1.794988645216665e-05
4.598780018843448e-08,6.463221817849838e-05
4.600000000000001e-08,0.0001398132059999452
4.600477746888107e-08,0.0001761743186349476
4.601238873444054e-08,0.0002367130837176108
4.602000000000001e-08,0.0002831197739945809
4.602388289440535e-08,0.0002778945950990651
4.602932049314377e-08,0.0002635847606038146
4.603439940998088e-08,0.0002471487353368755
4.604349183361191e-08,0.0002198318867474875
4.605197395935964e-08,0.0001984921402488035
4.606361619104111e-08,0.0001747816006173437
4.607795174113476e-08,0.0001542428791344415
4.609641072367494e-08,0.0001362435352276784
4.611971325922188e-08,0.000122326387555506
4.61496243180845e-08,0.000111180427847396
4.618752846453924e-08,0.0001036610132763311
4.623543994057267e-08,0.0001008950764533838
4.626653482042743e-08,0.0001020155258032603
4.630137276169158e-08,0.0001013178844843056
4.63289224312437e-08,9.856377220174394e-05
4.63386405033868e-08,9.717819107665773e-05
4.6358076647673e-08,9.427752628728699e-05
4.636340849064519e-08,9.315573695144519e-05
4.637407217658955e-08,9.030184376938451e-05
4.638554943554908e-08,8.58969273982813e-05
4.640044400953993e-08,8.023592095838007e-05
4.64134056913985e-08,7.59824122399984e-05
4.643171250898313e-08,7.115838903694852e-05
4.646745754095357e-08,6.372090989195599e-05
4.652225220840786e-08,5.553731285286306e-05
4.659869589707891e-08,4.689661009575147e-05
4.671837597973738e-08,3.674665040840871e-05
4.68591879898687e-08,2.774843931687282e-05
4.7e-08,2.112597827226293e-05
4.702000000000001e-08,2.032348107328478e-05
4.706000000000001e-08,1.888236212048568e-05
4.714000000000002e-08,1.621353816081594e-05
4.730000000000005e-08,1.198409881153262e-05
4.762000000000009e-08,6.591921608395229e-06
4.781875000000001e-08,4.947772522657779e-06
4.7830078125e-08,-2.963353480789528e-06
4.78486614723392e-08,-3.84499186683047e-06
4.785824961256194e-08,3.651913556713641e-06
4.786857586823033e-08,1.08107530326517e-05
4.787919977922929e-08,1.840662086647775e-05
4.789101581107219e-08,2.943577999172253e-05
4.789519451477188e-08,3.317280199153409e-05
4.790355192217126e-08,3.519562645887319e-05
4.791026868297774e-08,3.210161847637759e-05
4.791725256430664e-08,3.230317590149872e-05
4.791976582349495e-08,3.119933255372606e-05
4.792479234187158e-08,3.172835755901121e-05
4.793345060952609e-08,3.154007719356225e-05
4.794302069536558e-08,3.110160754231011e-05
4.795753884153461e-08,2.994953268695959e-05
4.79749225256495e-08,4.262631373952237e-05
4.798746126282475e-08,8.577788422712676e-05
4.800000000000001e-08,0.0001640089785382901
4.800435439565729e-08,0.000197993252935876
4.801306318697187e-08,0.0002702034160321385
4.802000000000001e-08,0.0003184368301763398
4.802376953609522e-08,0.0003196144688731735
4.802910512650148e-08,0.0003114750848045799
4.803398293977904e-08,0.0002979976477101005
4.804288214343678e-08,0.0002746726595789476
4.80515263183756e-08,0.0002531756575347231
4.806345062157609e-08,0.0002274598454544387
4.807811398844396e-08,0.0002025334673369428
4.809633435625017e-08,0.0001798678533568491
4.811899815409299e-08,0.0001600643407500587
4.81476040305043e-08,0.0001425531438829829
4.818408872383849e-08,0.0001282417126231483
4.819585519713857e-08,0.0001255463520070987
4.821938814373871e-08,0.0001230439886768222
4.824340063106191e-08,0.0001222245630475763
4.826269600886187e-08,0.0001201205864424701
4.828875274406033e-08,0.0001152379770920841
4.829337429670977e-08,0.0001141750237866297
4.830261740200865e-08,0.0001113404065075872
4.831189060301582e-08,0.0001069806562406943
4.831602909687307e-08,0.0001046588709932193
4.832430608458758e-08,0.0001001709438970962
4.83332414934825e-08,9.594643095811687e-05
4.835111231127234e-08,8.92999106565916e-05
4.837708240790963e-08,8.297563268500895e-05
4.842064141460987e-08,7.766386818078902e-05
4.846830736428081e-08,7.406947034214269e-05
4.850228853717184e-08,7.028494954653562e-05
4.854369754815858e-08,6.467309929853842e-05
4.857708687321816e-08,5.907777530849063e-05
4.858383223693463e-08,5.761542236263374e-05
4.859732296436756e-08,5.391205921396816e-05
4.861787616044229e-08,4.789619655920461e-05
4.863435072267551e-08,4.376658533998355e-05
4.865678202019855e-08,3.92089093441843e-05
4.869153520063339e-08,3.379107582948087e-05
4.875485211244898e-08,2.697882884751161e-05
4.883036200482003e-08,2.157991610820207e-05
4.891518100241001e-08,1.72535314496605e-05
4.9e-08,1.402556035653179e-05
4.902000000000001e-08,1.340817587768635e-05
4.906000000000003e-08,1.228994266478659e-05
4.914000000000007e-08,1.028212976164077e-05
4.929295405773409e-08,7.444181130274158e-06
4.959886217320212e-08,4.118197010109156e-06
4.979943108660107e-08,2.981076538952456e-06
4.981875e-08,2.898498427083062e-06
4.982308849788681e-08,1.295427641524977e-05
4.983176549366042e-08,1.650423172488793e-05
4.983950985028257e-08,1.419268711206743e-05
4.984974208591123e-08,1.518927549749179e-05
4.986101607682341e-08,1.436894737535578e-05
4.987656891366199e-08,1.485219878954854e-05
4.990008063153634e-08,1.447256595340327e-05
4.993597433014408e-08,1.530616681953929e-05
4.996798716507204e-08,2.595471668226515e-05
4.998343741397522e-08,8.13597968008214e-05
5.000000000000001e-08,0.0002147728367345014
5.000479758917874e-08,0.0002639371667692458
5.001239879458938e-08,0.0003431680502233973
5.002000000000001e-08,0.0003920824350914838
5.002387913552449e-08,0.0003671114706747709
5.002931257099665e-08,0.0003275341317106925
5.003438812728626e-08,0.0002937631555284816
5.004319225646364e-08,0.000247955655324582
5.005111168216415e-08,0.0002155652087528274
5.006232936711897e-08,0.0001802967502782065
5.00761880924535e-08,0.0001499281018644559
5.009465852411004e-08,0.0001244379464007991
5.011807755827216e-08,0.0001083735988152603
5.014809769396232e-08,0.0001044222118044592
5.018625472966809e-08,0.0001126567878311791
5.021867296522001e-08,0.0001195648055300034
5.024739937025336e-08,0.000120855172523325
5.027114355241577e-08,0.0001194867225830585
5.029653025519687e-08,0.0001148912056770316
5.030144073116029e-08,0.000113148025929427
5.031126168308711e-08,0.0001086110450841048
5.032310985661461e-08,0.0001015499747287709
5.033584869730391e-08,9.443042161118397e-05
5.034896114127156e-08,8.821622403960277e-05
5.036839844588498e-08,8.102005897827706e-05
5.040614925689623e-08,7.071937873332741e-05
5.046231950510632e-08,6.057241762205857e-05
5.054277687193433e-08,5.065898112868541e-05
5.066418064548248e-08,4.067512882120435e-05
5.083166086226533e-08,3.097768613353382e-05
5.100000000000001e-08,2.380992390612546e-05
5.102000000000001e-08,2.305760279864712e-05
5.106000000000002e-08,2.169515397875307e-05
5.114000000000003e-08,1.913058924111797e-05
5.130000000000005e-08,1.486018569805142e-05
5.162000000000009e-08,8.893640320584122e-06
5.181875e-08,6.794645543695112e-06
5.1830078125e-08,-5.330180617945621e-05
5.18486694973942e-08,-5.191269414944251e-05
5.185560213651901e-08,-1.416395185978942e-05
5.186327102629572e-08,3.393873358061107e-05
5.18720165331641e-08,8.726984088198186e-05
5.187969095434805e-08,0.0001412101618177939
5.188223243468612e-08,0.0001625357868050771
5.188731539536226e-08,0.0001998632986635433
5.188899258571242e-08,0.0002052957065918656
5.189234696641275e-08,0.000202100512865953
5.189577337851863e-08,0.0001884052470032325
5.190040585641289e-08,0.0001753685195897547
5.190513636550851e-08,0.0001673067259361082
5.190987599186553e-08,0.0001597695523612622
5.19158490293535e-08,0.0001548538562293629
5.192371716893935e-08,0.0001496405231348551
5.193389072804755e-08,0.0001504799102457871
5.194433553057815e-08,0.0001587493015778664
5.195289383939382e-08,0.0001678935980898036
5.196350036227986e-08,0.0001754333763805886
5.197220244188556e-08,0.0001776700734586444
5.198082799913827e-08,0.0001741182551815724
5.198747852721071e-08,0.0001657730016228677
5.199373926360536e-08,0.0001546504424596482
5.200000000000001e-08,0.0001426318975339361
5.200527279082959e-08,0.0001334623918972083
5.201229999675391e-08,0.0001220913925386467
5.201614999837696e-08,0.0001165901992074035
5.202000000000001e-08,0.0001215744897094518
5.202309270256156e-08,0.0001273522472755394
5.202738965015949e-08,0.0001264836528880552
5.203131699629806e-08,0.0001212097636039453
5.20391716885752e-08,0.0001143686243075163
5.204735490475371e-08,0.0001075087643322836
5.206372133711072e-08,9.638534550458048e-05
5.20778884100045e-08,8.633652052146025e-05
5.209055044910522e-08,7.71561718723588e-05
5.209688146865559e-08,7.256995151439436e-05
5.210841451848591e-08,6.588057403745838e-05
5.212594469039324e-08,5.749248285364103e-05
5.215583973755363e-08,4.768282678348738e-05
5.220183804370856e-08,3.820982548481436e-05
5.226321120130579e-08,3.123529682742623e-05
5.234818969634665e-08,2.550398785041054e-05
5.245566961605552e-08,2.11961200757741e-05
5.26065512411252e-08,1.67048781328737e-05
5.281184766845843e-08,1.242384948160215e-05
5.3e-08,9.369170327140617e-06
5.302000000000001e-08,9.160333109530069e-06
5.306000000000001e-08,8.672982567681234e-06
5.314000000000002e-08,7.755507167624362e-06
5.330000000000005e-08,6.231292842571693e-06
5.362000000000009e-08,4.118699656622179e-06
5.381875000000001e-08,3.381226108931846e-06
5.383007812500001e-08,-1.030036388984333e-05
5.384867376810252e-08,-1.102319698273235e-05
5.38581973242482e-08,6.237820121250018e-07
5.386836763951857e-08,1.80577093971737e-05
5.387894377146924e-08,4.533596345726342e-05
5.38904485479567e-08,8.368522884811783e-05
5.389464142994329e-08,9.827694810291582e-05
5.390302719391646e-08,0.0001170350854675266
5.390990722463787e-08,0.0001165508271656647
5.391657054578166e-08,0.0001135864676329421
5.391899047834869e-08,0.0001107340731362605
5.392383034348274e-08,0.0001065725139811672
5.393351007375086e-08,9.930881336206607e-05
5.394194095916408e-08,9.270514761530525e-05
5.395672634207361e-08,8.490247637955621e-05
5.397247302708294e-08,7.73549547910494e-05
5.398623651354148e-08,7.333151199656509e-05
5.400000000000001e-08,6.93241344620609e-05
5.402000000000001e-08,6.62870365189093e-05
5.402567261075335e-08,7.002492523342515e-05
5.403405503924065e-08,6.997826189165802e-05
5.404219233099151e-08,6.801623091260412e-05
5.405414581302064e-08,6.69315847747379e-05
5.406699858254882e-08,6.527270139790001e-05
5.408584511312783e-08,6.409405824127209e-05
5.411489474354793e-08,6.285598549178892e-05
5.415937855466984e-08,6.384877772725472e-05
5.419285975327804e-08,6.50968157762789e-05
5.423056221737605e-08,6.497914778462926e-05
5.426155695223391e-08,6.257842314316181e-05
5.427373173961696e-08,6.152403174899569e-05
5.429808131438306e-08,5.889153322815655e-05
5.43269512425024e-08,5.421633612897658e-05
5.434817803310638e-08,4.86164537699883e-05
5.437278855631342e-08,4.213105578244735e-05
5.439520580219425e-08,3.76244197794307e-05
5.441940069342667e-08,3.391211265285837e-05
5.446779047589151e-08,2.82633817148541e-05
5.452529666362244e-08,2.371694307124285e-05
5.46403090390843e-08,1.725509921670562e-05
5.477216325474131e-08,1.242965650776568e-05
5.488608162737066e-08,9.351414223042425e-06
5.5e-08,7.210173026461292e-06
5.502000000000001e-08,6.868912718211442e-06
5.506000000000001e-08,6.303128100713847e-06
5.514000000000002e-08,5.28315915442032e-06
5.530000000000005e-08,3.784179230012829e-06
5.562000000000009e-08,2.146262115594358e-06
5.600000000000001e-08,1.441794656043988e-06
5.602000000000001e-08,1.427190509719554e-06
5.606000000000001e-08,1.399275868618024e-06
5.614000000000002e-08,1.351212814495903e-06
5.630000000000005e-08,1.286570379411389e-06
5.662000000000009e-08,1.233593703856957e-06
5.7e-08,1.232472508245344e-06
5.702e-08,1.233288888243713e-06
5.706000000000001e-08,1.234976234214009e-06
5.714000000000002e-08,1.238434411529802e-06
5.730000000000004e-08,1.245616824083248e-06
5.762000000000009e-08,1.259087089038593e-06
5.781875e-08,1.265588285268786e-06
5.7830078125e-08,-6.294890785030122e-06
5.784866042387032e-08,-5.951024732422037e-06
5.785824050874092e-08,2.322022767161916e-06
5.786848122688585e-08,9.179392961012762e-06
5.787908888777088e-08,1.491500724247676e-05
5.789072856829382e-08,2.338293572253756e-05
5.789487552344503e-08,2.659460579045418e-05
5.790316943374745e-08,2.906678078512974e-05
5.791010461036139e-08,2.687850564405881e-05
5.791678025286143e-08,2.886439410135377e-05
5.791917310277727e-08,2.783719481227935e-05
5.792395880260894e-08,2.867360348928819e-05
5.79335302022723e-08,2.894049352823717e-05
5.794188144382481e-08,2.803013895766119e-05
5.795642325235604e-08,2.736977963137764e-05
5.797177586883927e-08,3.442930057915111e-05
5.798588793441964e-08,7.633574888291348e-05
5.800000000000001e-08,0.0001607492490365442
5.800449076147691e-08,0.0001957351051841048
5.80134722844307e-08,0.0002691551227221261
5.802000000000001e-08,0.0003122771868210551
5.802372144824927e-08,0.0003121293290842911
5.802899257385032e-08,0.0003024538090986331
5.803376086464952e-08,0.0002884872183475047
5.804258143987738e-08,0.0002648801029938334
5.805113154813268e-08,0.0002442253961145703
5.806291973961896e-08,0.0002202009854730053
5.807736266032806e-08,0.0001973426599209136
5.80953942302125e-08,0.0001761060290237307
5.811777740015187e-08,0.0001571787939141318
5.814599445089772e-08,0.0001401170007481291
5.818144857245815e-08,0.0001251394504359084
5.822645925289663e-08,0.0001122881660780465
5.828364092129217e-08,0.0001034708278053174
5.835720087807702e-08,0.0001040169350128638
5.837628367260484e-08,0.0001064958217745434
5.841444926166048e-08,0.0001115434912076332
5.844701102039144e-08,0.0001134761964034096
5.847664669091822e-08,0.0001119141653245431
5.848772226604312e-08,0.0001110552878796861
5.850987341629293e-08,0.0001082727877030305
5.851494005665291e-08,0.0001074432712292174
5.852507333737288e-08,0.0001047492703837575
5.85371092788467e-08,0.0001004827198205151
5.854970912658229e-08,9.536543358160357e-05
5.856310635267655e-08,9.003678443346614e-05
5.858333318401631e-08,8.254598766975047e-05
5.860326779429334e-08,7.648222638481795e-05
5.862957859145882e-08,6.980394730371695e-05
5.866945823962219e-08,6.202637841726503e-05
5.873234035270819e-08,5.30920430354195e-05
5.881531194789241e-08,4.503573800613862e-05
5.89076559739462e-08,3.832133766287078e-05
5.900000000000001e-08,3.304153326975092e-05
5.902000000000001e-08,3.200565269818011e-05
5.906000000000001e-08,3.011754327115329e-05
5.914000000000003e-08,2.659471852933126e-05
5.929306808128417e-08,2.103666928256976e-05
5.959224525118659e-08,1.338031482082689e-05
5.979612262559329e-08,9.969411524096434e-06
6.000000000000001e-08,7.515981888036506e-06
6.002e-08,7.321302734652327e-06
6.006e-08,6.955167410561559e-06
6.013999999999998e-08,6.266748532263724e-06
6.029999999999995e-08,5.12631212441322e-06
6.061999999999989e-08,3.547863866276345e-06
6.1e-08,2.484860308950894e-06
6.102e-08,2.447344144366143e-06
6.105999999999999e-08,2.376955661136162e-06
6.113999999999998e-08,2.244718117668711e-06
6.129999999999995e-08,2.025780383606892e-06
6.161999999999989e-08,1.723281548629043e-06
6.181875e-08,1.61811458959209e-06
6.18317652947311e-08,7.266512343127006e-06
6.185211784776188e-08,7.980145555154812e-06
6.188336238289873e-08,7.175314485335923e-06
6.190680022647636e-08,7.89865835992861e-06
6.194514325191741e-08,7.909969398340751e-06
6.19725716259587e-08,1.863461836516009e-05
6.198759988427332e-08,5.19265432357898e-05
6.2e-08,0.0001001691708532711
6.200475895120046e-08,0.0001209382524257538
6.201237947560022e-08,0.0001548419826206824
6.202e-08,0.0001741664937417128
6.202388575519488e-08,0.0001602130963223163
6.202932715529564e-08,0.000138343900725919
6.203440961157129e-08,0.0001215804400130193
6.204344859865466e-08,9.920566110770039e-05
6.205176417478215e-08,8.46571145814841e-05
6.206315957168333e-08,6.961639365250134e-05
6.207734781347528e-08,5.716653440623401e-05
6.209579567109469e-08,4.549895660650434e-05
6.211923107799217e-08,3.573089616134812e-05
6.214946666404857e-08,2.701709660495039e-05
6.218778397991574e-08,2.210867546694283e-05
6.223614974227081e-08,2.340378057062104e-05
6.227835017127691e-08,2.71821231542165e-05
6.230828878576531e-08,2.767757490208244e-05
6.23185169523905e-08,2.778053557810848e-05
6.233897328564088e-08,2.721614691000965e-05
6.234477822432311e-08,2.707209447238745e-05
6.235638810168756e-08,2.558669428612986e-05
6.236826390267698e-08,2.298020481722691e-05
6.237420180317169e-08,2.119047186848007e-05
6.23860776041611e-08,1.807124362727423e-05
6.239941022280375e-08,1.485073007566147e-05
6.242607546008905e-08,1.011310185443471e-05
6.246256197228059e-08,5.737955393789742e-06
6.252120132746006e-08,1.932093881668407e-06
6.26043662913125e-08,-6.00470088623853e-07
6.27368558940033e-08,-1.811313075849642e-06
6.286842794700165e-08,-2.069806162137765e-06
6.300000000000001e-08,-1.866896636299705e-06
6.301999999999999e-08,-1.863077463287068e-06
6.305999999999996e-08,-1.780901592957051e-06
6.313999999999989e-08,-1.608407280606548e-06
6.329999999999975e-08,-1.229824891324133e-06
6.361999999999948e-08,-5.150280959253468e-07
6.381875e-08,-1.804753230498279e-07
6.3830078125e-08,-1.387273833907562e-05
6.384867394469415e-08,-1.421640995832232e-05
6.38581199379201e-08,-1.796421642650134e-06
6.386816113768003e-08,1.737027196819209e-05
6.387867770200863e-08,4.752579708880391e-05
6.388994601438479e-08,8.934293719317692e-05
6.389390855678946e-08,0.0001049301190567255
6.390183364159879e-08,0.0001275270445789778
6.39036085423299e-08,0.0001302628515079885
6.390715834379211e-08,0.0001308404626114314
6.391226375564534e-08,0.0001280552385176725
6.391870690461293e-08,0.0001217294582198392
6.392527993932031e-08,0.0001145464884293502
6.393382700752527e-08,0.000106900408303016
6.394355545673543e-08,9.8775929245846e-05
6.395745973567421e-08,9.054542398064341e-05
6.397592982905168e-08,8.269581379786659e-05
6.399999999999999e-08,7.916725213731428e-05
6.401999999999999e-08,8.148225085536106e-05
6.402579929156517e-08,8.698146697963183e-05
6.403483507142124e-08,8.944676732835515e-05
6.404302802163862e-08,8.944760803673132e-05
6.40552568205559e-08,9.042930036561407e-05
6.406849746770939e-08,8.971426996552471e-05
6.408440340748157e-08,8.839889291346934e-05
6.410010458112982e-08,8.535464650912996e-05
6.411472463357605e-08,8.022324034563336e-05
6.412646251363482e-08,7.394181733907686e-05
6.413212505242436e-08,7.10713019609516e-05
6.414269565900499e-08,6.650318734972208e-05
6.416049685876126e-08,6.059363081854019e-05
6.418698376730192e-08,5.415724470128257e-05
6.423012706141204e-08,4.675796617198148e-05
6.429041582961329e-08,3.890223933278409e-05
6.437633175537252e-08,3.024562395666305e-05
6.448338645233646e-08,2.215894445572682e-05
6.46165321383551e-08,1.526966252132563e-05
6.478669240587814e-08,9.656947550826944e-06
6.5e-08,5.759423002039315e-06
6.502e-08,5.503678850033901e-06
6.505999999999999e-08,5.075411804210642e-06
6.513999999999997e-08,4.308716662725447e-06
6.529999999999994e-08,3.202199417156385e-06
6.561999999999988e-08,2.022204817939088e-06
6.581875000000001e-08,1.75945945869923e-06
6.583176449119261e-08,3.283876525169349e-05
6.585211318552064e-08,3.679152739198368e-05
6.588331433806609e-08,3.331223617586877e-05
6.590677661164432e-08,3.690236039452371e-05
6.594492571808635e-08,3.662491276679672e-05
6.597246285904317e-08,0.0001056490135439201
6.597934714428237e-08,0.0001854768271864663
6.598967357214119e-08,0.0003851785928086031
6.59948367860706e-08,0.0005161793690066572
6.6e-08,0.0006632080527494266
